concern_id,instrument_id,can_enter,basis,confidence,coder
cari,pr-route,yes,,,
wild,pr-route,yes,,,
fin,pr-route,yes,,,
route,pr-route,yes,,,
rate,pr-tsr,yes,,,
fin,pr-tsr,yes,,,
reliab,pr-tsr,yes,,,
sov,fed-fund,yes,,,
fin,fed-fund,yes,,,
jobs,fed-fund,yes,,,
ghg,fed-fund,yes,,,
nat,fed-fund,yes,,,
redund,fed-fund,yes,,,
cari,mb-eap,yes,,,
wild,mb-eap,yes,,,
ghg,mb-eap,yes,,,
route,mb-eap,yes,,,
cari,nu-npc,yes,,,
route,nu-npc,yes,,,
ghg,fed-cer,yes,,,
inuit,fed-cer,yes,,,
cari,fed-cer,yes,,,
rate,fed-cer,yes,,,
sov,fed-cer,yes,,,
wild,fed-cer,yes,,,
ghg,mb-reg,yes,,,
inuit,mb-reg,yes,,,
cari,mb-reg,yes,,,
sov,mb-reg,yes,,,
rate,mb-reg,yes,,,
jobs,mb-reg,yes,,,
fin,mb-reg,yes,,,
wild,mb-reg,yes,,,
reliab,mb-reg,yes,,,
redund,mb-reg,yes,,,
nat,mb-reg,yes,,,
route,mb-reg,yes,,,
cari,mb-tac,yes,,,
wild,mb-tac,yes,,,
ghg,mb-tac,yes,,,
inuit,mb-crown,yes,,,
cari,mb-crown,yes,,,
route,mb-crown,yes,,,
ghg,nu-screen,yes,,,
cari,nu-screen,yes,,,
wild,nu-screen,yes,,,
inuit,nu-screen,yes,,,
reliab,nu-screen,yes,,,
sov,nu-min1,yes,,,
fin,nu-min1,yes,,,
nat,nu-min1,yes,,,
ghg,mb-cec,yes,,,
inuit,mb-cec,yes,,,
cari,mb-cec,yes,,,
sov,mb-cec,yes,,,
rate,mb-cec,yes,,,
jobs,mb-cec,yes,,,
fin,mb-cec,yes,,,
wild,mb-cec,yes,,,
reliab,mb-cec,yes,,,
nat,mb-cec,yes,,,
route,mb-cec,yes,,,
ghg,nu-scope,yes,,,
inuit,nu-scope,yes,,,
cari,nu-scope,yes,,,
wild,nu-scope,yes,,,
jobs,nu-scope,yes,,,
route,nu-scope,yes,,,
ghg,nu-panel,yes,,,
inuit,nu-panel,yes,,,
cari,nu-panel,yes,,,
sov,nu-panel,yes,,,
rate,nu-panel,yes,,,
jobs,nu-panel,yes,,,
fin,nu-panel,yes,,,
wild,nu-panel,yes,,,
nat,nu-panel,yes,,,
route,nu-panel,yes,,,
ghg,nu-hearing,yes,,,
inuit,nu-hearing,yes,,,
cari,nu-hearing,yes,,,
sov,nu-hearing,yes,,,
rate,nu-hearing,yes,,,
jobs,nu-hearing,yes,,,
fin,nu-hearing,yes,,,
wild,nu-hearing,yes,,,
reliab,nu-hearing,yes,,,
redund,nu-hearing,yes,,,
nat,nu-hearing,yes,,,
route,nu-hearing,yes,,,
cari,mb-lic,yes,,,
wild,mb-lic,yes,,,
ghg,mb-lic,yes,,,
inuit,mb-lic,yes,,,
route,mb-lic,yes,,,
ghg,nu-cert,yes,,,
inuit,nu-cert,yes,,,
cari,nu-cert,yes,,,
sov,nu-cert,yes,,,
jobs,nu-cert,yes,,,
wild,nu-cert,yes,,,
nat,nu-cert,yes,,,
inuit,nu-iol,yes,,,
jobs,nu-iol,yes,,,
route,nu-iol,yes,,,
wild,fed-fish,yes,,,
wild,fed-mbca,yes,,,
