from_instrument_id,to_instrument_id,dependency,basis,status
pr-tsr,pr-route,conditional,,
fed-fund,pr-route,conditional,,
pr-route,mb-eap,conditional,,
pr-route,nu-npc,conditional,,
pr-route,fed-cer,conditional,,
pr-route,fed-mbca,conditional,,
mb-eap,mb-reg,always,,
mb-eap,mb-tac,conditional,,
mb-eap,mb-crown,conditional,,
mb-eap,mb-lic,conditional,,
mb-reg,mb-cec,conditional,,
mb-tac,mb-lic,conditional,,
mb-crown,mb-lic,always,,
mb-cec,mb-lic,always,,
nu-npc,nu-screen,always,,
nu-screen,nu-min1,always,,
nu-min1,nu-scope,conditional,,
nu-min1,nu-panel,conditional,,
nu-min1,nu-cert,conditional,,
nu-scope,nu-hearing,always,,
nu-hearing,nu-cert,always,,
nu-panel,nu-cert,conditional,,
nu-screen,nu-water,always,,
nu-screen,nu-arch,always,,
nu-screen,fed-fish,always,,
nu-screen,nu-iol,conditional,,
fed-desig,fed-cer,conditional,,
mb-lic,mb-noa,conditional,,candidate
mb-lic,mb-appeal,conditional,,candidate
fed-ia,mb-lic,conditional,,candidate
