event_id,site_id,instrument_id,date,outcome,decider_org_id,reasons_published,source_ref,status
ev-vivian-reg-2020-07-16,site-vivian-sand-processing-facility,mb-reg,2020-07-16,posted,,unknown,src-reg-6057,verified
ev-vivian-cec-n,site-vivian-sand-processing-facility,mb-cec,,not-used,,unknown,src-reg-6057,candidate
ev-vivian-noa-2021-02-16,site-vivian-sand-processing-facility,mb-noa,2021-02-16,filed,,n/a,src-reg-6057,verified
ev-vivian-lic-2021-12-16,site-vivian-sand-processing-facility,mb-lic,2021-12-16,issued,org-province-of-manitoba,unknown,src-lic-3367,verified
ev-vivian-noa-2022-07-15,site-vivian-sand-processing-facility,mb-noa,2022-07-15,approved,org-province-of-manitoba,unknown,src-reg-6057,verified
ev-vivian-noa-2022-10-26,site-vivian-sand-processing-facility,mb-noa,2022-10-26,approved,org-province-of-manitoba,unknown,src-reg-6057,verified
ev-simba-eap-2021-08-03,site-simba-sand-extraction,mb-eap,2021-08-03,filed,,n/a,src-reg-6119,verified
ev-simba-tac-2021-11-15,site-simba-sand-extraction,mb-tac,2021-11-15,posted,,unknown,src-reg-6119,verified
ev-simba-cec-2021-11-15,site-simba-sand-extraction,mb-cec,2021-11-15,referred,org-province-of-manitoba,unknown,src-cec-silica,verified
ev-simba-cec-2023-02-27,site-simba-sand-extraction,mb-cec,2023-02-27,hearing-held,,n/a,src-cec-silica,provisional
ev-simba-cec-2023-06-22,site-simba-sand-extraction,mb-cec,2023-06-22,report-issued,,yes,src-reg-6119,verified
ev-simba-lic-2024-02-16,site-simba-sand-extraction,mb-lic,2024-02-16,refused,org-province-of-manitoba,yes,src-reg-6119,verified
ev-simba-eap-2025-10-28,site-simba-sand-extraction,mb-eap,2025-10-28,filed,,n/a,src-reg-6275,verified
ev-simba-tac-2026-03-17,site-simba-sand-extraction,mb-tac,2026-03-17,posted,,unknown,src-reg-6275,verified
ev-simba-lic-n,site-simba-sand-extraction,mb-lic,,pending,,n/a,src-reg-6275,verified
ev-wanipigow-eap-2018-12-31,site-wanipigow-sand-quarry,mb-eap,2018-12-31,filed,,n/a,src-reg-5991,verified
ev-wanipigow-tac-2019-02-19,site-wanipigow-sand-quarry,mb-tac,2019-02-19,posted,,unknown,src-reg-5991,verified
ev-wanipigow-noa-2019-03-19,site-wanipigow-sand-quarry,mb-noa,2019-03-19,filed,,n/a,src-reg-5991,verified
ev-wanipigow-lic-2019-05-16,site-wanipigow-sand-quarry,mb-lic,2019-05-16,issued,org-province-of-manitoba,unknown,src-reg-5991,verified
ev-wanipigow-cec-n,site-wanipigow-sand-quarry,mb-cec,,not-used,,unknown,src-reg-5991,candidate
ev-wanipigow-noa-2022-11-10,site-wanipigow-sand-quarry,mb-noa,2022-11-10,filed,,n/a,src-reg-5991,verified
ev-wanipigow-noa-2023-07-28,site-wanipigow-sand-quarry,mb-noa,2023-07-28,amended,org-province-of-manitoba,unknown,src-reg-5991,verified
ev-selkirk-eap-2022-10-21,site-selkirk-glass-manufacturing-facility,mb-eap,2022-10-21,filed,,n/a,src-reg-6137,verified
ev-selkirk-reg-2022-10-24,site-selkirk-glass-manufacturing-facility,mb-reg,2022-10-24,posted,,n/a,src-reg-6137,verified
ev-selkirk-tac-2022-12-20,site-selkirk-glass-manufacturing-facility,mb-tac,2022-12-20,posted,,unknown,src-reg-6137,verified
ev-selkirk-cec-2023-05-02,site-selkirk-glass-manufacturing-facility,mb-cec,2023-05-02,not-referred,org-province-of-manitoba,unknown,src-reg-6137,verified
ev-selkirk-lic-2023-05-03,site-selkirk-glass-manufacturing-facility,mb-lic,2023-05-03,issued,org-province-of-manitoba,unknown,src-lic-3401,verified
ev-selkirk-noa-2025-10-14,site-selkirk-glass-manufacturing-facility,mb-noa,2025-10-14,filed,,n/a,src-reg-6137,verified
ev-selkirk-noa-2026-01-22,site-selkirk-glass-manufacturing-facility,mb-noa,2026-01-22,approved,org-province-of-manitoba,unknown,src-reg-6137,verified
ev-minago-lic-2011-08-23,site-minago-critical-minerals-project,mb-lic,2011-08-23,issued,org-province-of-manitoba,unknown,src-lic-2981r,provisional
ev-minago-eap-2014-03-28,site-minago-critical-minerals-project,mb-eap,2014-03-28,filed,,n/a,src-reg-5463-1,verified
ev-minago-tac-2014-06-06,site-minago-critical-minerals-project,mb-tac,2014-06-06,posted,,unknown,src-reg-5463-1,verified
ev-minago-noa-2022-08-03,site-minago-critical-minerals-project,mb-noa,2022-08-03,filed,,n/a,src-reg-5463-1,verified
ev-minago-crown-n,site-minago-critical-minerals-project,mb-crown,,unknown,,unknown,src-cmj-minago,candidate
ev-minago-cec-n,site-minago-critical-minerals-project,mb-cec,,not-used,,unknown,src-reg-5463-1,candidate
ev-minago-lic-2026-03-04,site-minago-critical-minerals-project,mb-lic,2026-03-04,amended,org-province-of-manitoba,unknown,src-lic-2981r,verified
ev-maclellan-eap-2020-09-09,site-maclellan-deposit-and-mill,mb-eap,2020-09-09,filed,,n/a,src-reg-6073,verified
ev-maclellan-tac-2020-11-24,site-maclellan-deposit-and-mill,mb-tac,2020-11-24,posted,,unknown,src-reg-6073,verified
ev-maclellan-cec-n,site-maclellan-deposit-and-mill,mb-cec,,not-used,,unknown,src-reg-6073,candidate
ev-maclellan-ia-2023-03-06,site-maclellan-deposit-and-mill,fed-ia,2023-03-06,approved,,yes,src-iaac-lynnlake,verified
ev-maclellan-lic-2023-03-06,site-maclellan-deposit-and-mill,mb-lic,2023-03-06,issued,org-province-of-manitoba,unknown,src-reg-6073,provisional
ev-gordon-eap-2020-09-09,site-gordon-deposit,mb-eap,2020-09-09,filed,,n/a,src-reg-6074,verified
ev-gordon-tac-2020-11-24,site-gordon-deposit,mb-tac,2020-11-24,posted,,unknown,src-reg-6074,verified
ev-gordon-cec-n,site-gordon-deposit,mb-cec,,not-used,,unknown,src-reg-6074,candidate
ev-gordon-ia-2023-03-06,site-gordon-deposit,fed-ia,2023-03-06,approved,,yes,src-iaac-lynnlake,verified
ev-gordon-lic-2023-03-06,site-gordon-deposit,mb-lic,2023-03-06,issued,org-province-of-manitoba,unknown,src-reg-6074,provisional
ev-maclellan-noa-2025-06-25,site-maclellan-deposit-and-mill,mb-noa,2025-06-25,filed,,n/a,src-reg-6073,verified
ev-maclellan-noa-2026-03-26,site-maclellan-deposit-and-mill,mb-noa,2026-03-26,approved,org-province-of-manitoba,unknown,src-reg-6073,verified
ev-gordon-noa-2024-02-12,site-gordon-deposit,mb-noa,2024-02-12,filed,,n/a,src-reg-6074,verified
ev-gordon-noa-2025-06-20,site-gordon-deposit,mb-noa,2025-06-20,approved,org-province-of-manitoba,unknown,src-reg-6074,verified
ev-gordon-noa-2025-10-06,site-gordon-deposit,mb-noa,2025-10-06,filed,,n/a,src-reg-6074,verified
ev-gordon-noa-2026-04-09,site-gordon-deposit,mb-noa,2026-04-09,approved,org-province-of-manitoba,unknown,src-reg-6074,verified
ev-tanco-noa-2023-04-12,site-tanco-mine,mb-noa,2023-04-12,filed,,n/a,src-reg-1906-2,verified
ev-tanco-noa-2023-09-01,site-tanco-mine,mb-noa,2023-09-01,approved,org-province-of-manitoba,unknown,src-reg-1906-2,verified
ev-tanco-noa-2023-08-23,site-tanco-mine,mb-noa,2023-08-23,filed,,n/a,src-reg-1906-2,verified
ev-tanco-noa-2023-12-27,site-tanco-mine,mb-noa,2023-12-27,approved,org-province-of-manitoba,unknown,src-reg-1906-2,verified
ev-tanco-lic-2024-08-27,site-tanco-mine,mb-lic,2024-08-27,issued,org-province-of-manitoba,unknown,src-oic-169-2025,verified
ev-tanco-appeal-2025-07-16,site-tanco-mine,mb-appeal,2025-07-16,dismissed,org-province-of-manitoba,unknown,src-oic-169-2025,verified
ev-truenorth-lic-2003-11-06,site-true-north-mine-and,mb-lic,2003-11-06,issued,org-province-of-manitoba,unknown,src-lic-2628rrr,verified
ev-truenorth-lic-2013-08-01,site-true-north-mine-and,mb-lic,2013-08-01,amended,org-province-of-manitoba,unknown,src-lic-2628rrr,verified
ev-truenorth-lic-2016-09-16,site-true-north-mine-and,mb-lic,2016-09-16,amended,org-province-of-manitoba,unknown,src-lic-2628rrr,verified
ev-truenorth-noa-2023-05-11,site-true-north-mine-and,mb-noa,2023-05-11,filed,,n/a,src-reg-2435-40,verified
ev-truenorth-noa-2023-07-19,site-true-north-mine-and,mb-noa,2023-07-19,approved,org-province-of-manitoba,unknown,src-reg-2435-40,verified
ev-truenorth-noa-2026-05-19,site-true-north-mine-and,mb-noa,2026-05-19,filed,,n/a,src-reg-2435-40,verified
ev-truenorth-noa-2026-06-03,site-true-north-mine-and,mb-noa,2026-06-03,approved,org-province-of-manitoba,unknown,src-reg-2435-40,verified
ev-keeyask-cec-2012-11-14,site-keeyask-generating-station,mb-cec,2012-11-14,referred,org-province-of-manitoba,unknown,src-reg-5550,verified
ev-keeyask-cec-2013-09-24,site-keeyask-generating-station,mb-cec,2013-09-24,hearing-held,,n/a,src-cec-keeyask,verified
ev-keeyask-cec-n,site-keeyask-generating-station,mb-cec,,report-issued,,yes,src-cbc-keeyask,provisional
ev-keeyask-ia-2014-06-27,site-keeyask-generating-station,fed-ia,2014-06-27,approved,,yes,src-ceaa-keeyask,verified
ev-keeyask-lic-2014-07-02,site-keeyask-generating-station,mb-lic,2014-07-02,issued,org-province-of-manitoba,unknown,src-lic-3107,verified
ev-keeyask-noa-2020-01-10,site-keeyask-generating-station,mb-noa,2020-01-10,filed,,n/a,src-reg-5550,verified
ev-keeyask-noa-2020-02-19,site-keeyask-generating-station,mb-noa,2020-02-19,approved,org-province-of-manitoba,unknown,src-reg-5550,verified
ev-thompson-lic-n,site-thompson-mine-complex,mb-lic,,unknown,,unknown,src-reg-557-10,candidate
ev-thompson-noa-2019-07-04,site-thompson-mine-complex,mb-noa,2019-07-04,filed,,n/a,src-reg-557-10,verified
ev-thompson-noa-2019-07-15,site-thompson-mine-complex,mb-noa,2019-07-15,approved,org-province-of-manitoba,unknown,src-reg-557-10,verified
ev-thompson-noa-2024-12-17,site-thompson-mine-complex,mb-noa,2024-12-17,filed,,n/a,src-reg-557-10,verified
ev-thompson-noa-2025-05-08,site-thompson-mine-complex,mb-noa,2025-05-08,filed,,n/a,src-reg-557-10,verified
ev-thompson-noa-2025-06-25,site-thompson-mine-complex,mb-noa,2025-06-25,approved,org-province-of-manitoba,unknown,src-reg-557-10,verified
ev-thompson-noa-2026-01-18,site-thompson-mine-complex,mb-noa,2026-01-18,filed,,n/a,src-reg-557-10,verified
ev-thompson-noa-2026-05-13,site-thompson-mine-complex,mb-noa,2026-05-13,approved,org-province-of-manitoba,unknown,src-reg-557-10,verified
