instrument_id,name,jurisdiction,jurisdiction_label,legal_basis,takes_in,can_produce,decider,public_record,written_reasons,assessment_method,assessment_method_label,assessment_method_note,kind,kind_label,stage,stage_label,x,y,status,note,source_ref
pr-route,Route selection,pro,Proponent,No statutory basis. The 2021 baseline fieldwork was itself screened by the Review Board and followed a speculative corridor from the draft land use plan.,Engineering and cost constraints; traditional land use and Inuit Qaujimajatuqangit studies; whatever input the proponent chooses to seek.,A preferred corridor and a short list of alternatives.,Proponent,Partial — the fieldwork file only,No,score,Weighted scoring — numbers assigned and combined,"Assumed to use weighted multi-criteria siting of the kind standard in transmission routing. Not confirmed for this project — and if confirmed, it is the only place on the map where incommensurable things are given numbers and added.",frame,Framing — fixes what later steps can argue about,0,Before application,1,0,provisional,"The only step with no public record, and everything downstream traces back to it.",
pr-tsr,Transmission service request,pro,Proponent,Manitoba Hydro's open access transmission tariff. The governing provision has not been read.,A request for up to 150 MW and a point of interconnection.,Feasibility; required system upgrades.,Manitoba Hydro,Partial,No,model,Technical modelling,Power-system modelling. A genuinely technical question with a determinate answer.,review,Review — analysis within one mandate,0,Before application,0,0,verified,Filed 4 November 2025. The filing is confirmed; the tariff basis is not.,
fed-fund,Federal funding channels,fed,Federal,Programme terms rather than statute.,"Project economics, strategic rationale, Indigenous participation.",Contributions with conditions; prioritisation.,Federal funders and central agencies,Grant records only,Rarely,discret,Discretion — no published method,No published appraisal method. Decisions appear as announcements rather than as assessments.,money,Funding — conditions without assessment,0,Before application,0,11,provisional,"Wide intake, no assessment, almost nothing published. Runs throughout rather than stopping here.",
fed-desig,Cabinet designation,fed,Federal,"Canadian Energy Regulator Act s.261. Federal law treats Nunavut as a province, so the line very likely is an interprovincial power line.",Cabinet consideration.,"Designate, or do not designate.",Governor in Council,Order in council,No,discret,Discretion — no published method,No criteria are published and no timeline applies. The decision is not an assessment of anything.,switch,Discretionary switch — no criteria published,0,Before application,0,12,no order made,"The entire federal lane hangs on this one order. None has been made, and nothing has to happen before one could be.",
mb-eap,Environment Act Proposal,mb,Manitoba,The Environment Act ss.11–12; Classes of Development Regulation 164/88; Licensing Procedures Regulation 163/88.,"Project description, environmental assessment, alternatives considered.","Filed as complete, or further information required.","Director or Minister, depending on class",Yes — s.17 registry,No,check,Completeness or conformity check against written criteria,"Completeness against the regulation's content requirements, including mapping at 1:50,000 or better.",intake,"Intake — receives submissions, decides nothing",1,Entry,2,2,verified,"Above 230 kV is Class 3 and the Minister decides; 115 to 230 kV is Class 2 and the Director does. The voltage has not been published, so the whole Manitoba lane's shape is undetermined.",
nu-npc,Planning conformity,nu,Nunavut,"NuPPAA ss.76–85, with s.156 applying the planning provisions to the entire project.",Project description and location.,Conforms; does not conform; variance; or exemption.,Nunavut Planning Commission,Yes,"Yes, for non-conformity",check,Completeness or conformity check against written criteria,Conformity against the text of the applicable land use plan. A yes or no question about a document.,review,Review — analysis within one mandate,1,Entry,2,6,verified,"Tested against the regional plan, since the 2023 territory-wide plan was jointly rejected in July 2026.",
fed-cer,Energy Regulator review,fed,Federal,"Canadian Energy Regulator Act ss.2, 261 and 262, with reasons under s.63. Removed from the Impact Assessment Act's list by SOR/2026-185 on 3 September 2026.","Engineering, routing, environmental and socio-economic effects, Indigenous consultation.","Certificate or permit with conditions, or refusal.",The Commission and Governor in Council,Yes,Yes,hearing,"Hearing — evidence, testimony, cross-examination",A public interest determination on a hearing record. Inactive here.,delib,"Deliberation — hearing, recommendation",3,Deliberation,2,11,no order made,Would be the widest single federal forum available. Inactive because nobody has made the designation order.,
mb-reg,Public registry and comment,mb,Manitoba,"The Environment Act s.17, with ss.11(8)(a) and 12(4)(a).",Written submissions from anyone. No content filter appears in the Act.,Comments on the record; objections that may prompt a hearing.,None — a collection point,Yes,Owed to objectors where no hearing is held (s.12(6)),none,No method — collection only,"None. Submissions are collected, not assessed. Nothing filters what may be said and nothing determines what follows.",intake,"Intake — receives submissions, decides nothing",2,Scrutiny,3,2,verified,Everything can come in and nothing goes out — but s.12(6) compels reasons for the decision NOT to hold a hearing.,
mb-tac,Technical Advisory Committee,mb,Manitoba,Administrative practice. Only a general advisory committee power at s.5.,"The proposal, reviewed by each department within its own mandate.",Departmental comments and recommended licence conditions.,Participating departments,Usually on the registry,No,expert,Expert judgment within a single mandate,Each department applies its own expertise to its own mandate. There is no step at which the departmental views are weighed against one another.,review,Review — analysis within one mandate,2,Scrutiny,3,3,candidate,Each department answers within its mandate. Nothing holds several mandates together.,
mb-crown,Crown–Indigenous consultation,mb,Manitoba,"Section 35 of the Constitution Act 1982 and provincial policy, which has not been retrieved.",Potential adverse impacts on asserted or established rights.,A consultation record and accommodation.,The Crown,Partial,No statutory requirement found,legal,Legal test — rights doctrine,A legal test turning on the strength of the claim and the seriousness of the impact. Concerns not attaching to a right fall outside it however strongly held.,review,Review — analysis within one mandate,2,Scrutiny,3,4,provisional,"A rights channel, not a values channel.",
nu-screen,Screening,nu,Nunavut,"NuPPAA ss.86–92 and 157. Section 90(i) makes cumulative impacts mandatory. Section 75(1) bars any regulatory authority from issuing a permit until assessment is complete, and s.75(2) makes any such permit of no force or effect.",The proposal plus public and agency comments.,Review not required; review required; or the project must be modified or abandoned.,Nunavut Impact Review Board,Yes,Yes — a written screening report,signif,Significance threshold judgment,"A threshold judgment: may the project have significant ecosystemic or socio-economic impacts. Socio-economic sits in the test itself, which is the sharpest contrast with Manitoba.",gate,Gate — blocks everything downstream,2,Scrutiny,3,6,verified,"The only confirmed hard gate on the map, and wider than first recorded: a permit issued in breach is void, not merely irregular.",
nu-min1,Minister's screening decision,nu,Nunavut,NuPPAA ss.93 and 94. Section 94(1)(a)(ii) makes a federal panel the default where the project is partly outside Nunavut.,The Board's screening report.,"Proceed; review by the Board, a federal panel or a joint panel; or not proceed.",Responsible Minister,Yes,Partly verified,discret,Discretion — no published method,"No published method. The Minister may send a project to review even where the Board found none necessary, and chooses the review body.",switch,Discretionary switch — no criteria published,2,Scrutiny,4,6,verified,Who reviews the project is a discretionary choice made before the review begins.,
mb-cec,Clean Environment Commission hearing,mb,Manitoba,"The Environment Act ss.6(5)(b), 12(6) and 7(3). Referral is discretionary; the report is due within 90 days.","Evidence, public presentations, Information Requests, cross-examination.",A public report with recommendations.,Commission recommends; Minister decides,"Yes — reports public, transcripts by practice","Yes, where recommendations are not incorporated",hearing,"Hearing — evidence, testimony, cross-examination","Adversarial hearing with Information Requests and cross-examination. Among the few methods able to hold several considerations in view at once — and it produces advice, not a decision.",delib,"Deliberation — hearing, recommendation",3,Deliberation,4,2,verified,Broad admissibility and compelled reasons on departure — and entirely optional.,
nu-scope,Scoping and guidelines,nu,Nunavut,"NuPPAA ss.99 and 101. Draft guidelines must be in both official languages and in Inuktitut, which includes Inuinnaqtun.",Public and agency input on what the assessment should cover.,Guidelines telling the proponent what to assess.,Nunavut Impact Review Board,Yes,Yes,check,Completeness or conformity check against written criteria,"Deliberative scoping against a published draft, open to comment. The same framing move as route selection, done in the open.",frame,Framing — fixes what later steps can argue about,3,Deliberation,5,6,verified,The pairing with route selection is the cleanest comparison on this map.,
nu-panel,Federal or joint panel,nu,Nunavut,"NuPPAA s.94(1)(a)(ii)–(iii) and ss.160–162, with the record public under s.123(2).","The whole project, including the Manitoba segment.",A panel report.,"Minister of Environment, or joint appointment",Yes,—,hearing,"Hearing — evidence, testimony, cross-examination","Panel hearing over the whole project, including the Manitoba segment.",delib,"Deliberation — hearing, recommendation",3,Deliberation,5,7,verified,"The only body anywhere on this map with a mandate over the full 1,200 km corridor.",
nu-hearing,Review and public hearing,nu,Nunavut,"NuPPAA s.102, under which the hearing is discretionary and may be closed; s.103 factors include (c) the priorities and values of the residents and (f) cumulative effects.","The impact statement, technical review, submissions and oral testimony.",Findings.,Nunavut Impact Review Board,"Yes, though a hearing may be closed",—,hearing,"Hearing — evidence, testimony, cross-examination","Hearing against a mandatory list of factors, with traditional knowledge admissible under s.103(3). The only method anywhere here that names residents' values as something to be considered.",delib,"Deliberation — hearing, recommendation",3,Deliberation,6,6,verified,Section 103(c) makes residents' priorities and values a mandatory statutory factor. Nothing in Manitoba law has an equivalent.,
mb-lic,Licensing decision,mb,Manitoba,The Environment Act ss.11 and 12; s.12.0.1 requires proponent consultation to be considered and s.12.0.2 requires climate to be considered.,"The assessment record, departmental comments, the consultation record, and any Commission report.","Licence with conditions, or refusal.",Director or Minister,Yes,Limited,minjudge,Ministerial judgment on a record,Judgment on the record against two named statutory factors. How those are weighed against anything else is not specified and not published.,decide,Decision — binding outcome,4,Decision,5,2,verified,Everything becomes one answer here. Section 12.0.2 gives climate a statutory foothold no other value in this Act enjoys.,
nu-cert,Minister's decision and certificate,nu,Nunavut,"NuPPAA ss.105–111, reconsideration under s.112. Override grounds are limited to national or regional interest, or to terms being insufficient or excessively onerous. Section 107(1) requires the Board to reconsider in light of the Minister's reasons. Section 108 permits the Minister to vary terms that are purely socio-economic.",The Board's report.,Accept or reject terms; override; issue a certificate.,"Minister, then the Board issues",Yes — revised reports public,Implied wherever terms are rejected,minjudge,Ministerial judgment on a record,"Judgment on the Board's report, with enumerated override grounds — except for socio-economic terms, which s.108 allows the Minister to vary without stating one.",decide,Decision — binding outcome,4,Decision,7,6,verified,"The sharpest thing on this map. Socio-economic considerations are mandatory at review under s.103(c), then singled out at s.108 as the one class of term a Minister may vary without stating a ground.",
nu-water,Water licence,nu,Nunavut,"Nunavut Waters and Nunavut Surface Rights Tribunal Act, s.37 coordinating it with the Review Board.",Water use and waste deposit.,A licence with conditions.,Nunavut Water Board,Yes,"Yes, by practice",standard,Compliance with technical standards,Technical standards and licence conditions.,permit,Permit — narrow authorisation,5,Downstream permits,4,7,provisional,Whether a transmission corridor triggers it at all is unconfirmed.,
nu-iol,Inuit Owned Land access,nu,Nunavut,The Nunavut Agreement. The relevant articles and the association's lands policy have not been retrieved.,Applications to use Inuit Owned Land parcels.,"Permit or lease with terms, or refusal.","The regional Inuit association, as landowner",Unclear,Unclear,bargain,Negotiation between parties,Negotiation between landowner and proponent. Whatever is traded against what leaves no public trace — and this may be where the most consequential combining actually happens.,permit,Permit — narrow authorisation,5,Downstream permits,4,8,candidate,"NuPPAA defines a regulatory authority as a public body, so the s.75 gate may not bind a private landowner — while s.74 still prohibits carrying out the project before assessment.",
nu-arch,Archaeology permit,nu,Nunavut,Territorial archaeological and palaeontological site regulations. Not retrieved.,Proposed ground disturbance.,A permit with conditions.,Culture and Heritage,—,—,standard,Compliance with technical standards,Standards and permit conditions.,permit,Permit — narrow authorisation,5,Downstream permits,4,9,candidate,Unverified. No party in the record has raised heritage as a concern.,
fed-fish,Fisheries Act authorisation,fed,Federal,The Fisheries Act. The provision has not been confirmed.,Works likely to harmfully alter fish habitat.,"Authorisation with offsetting, or refusal.",Fisheries and Oceans Canada,Registry,Limited,standard,Compliance with technical standards,"Habitat standards with offsetting requirements. One value, assessed well, and nothing else admitted.",permit,Permit — narrow authorisation,5,Downstream permits,4,11,provisional,"Subject to the Nunavut screening gate, which binds federal authorities in the territory.",
fed-mbca,Migratory Birds Act,fed,Federal,The Migratory Birds Convention Act 1994. Inferred.,Works affecting birds or nests.,No project permit; constraints on timing.,Environment and Climate Change Canada,—,—,standard,Compliance with technical standards,Prohibitions and timing windows rather than an assessment.,permit,Permit — narrow authorisation,5,Downstream permits,2,12,provisional,Unverified.,
mb-noa,Notice of Alteration,mb,Manitoba,The Environment Act s.14 (alteration of a licensed development).,A licensee's description of a proposed change to a licensed development.,"Approval of a minor alteration (licence amended, e.g. 3285 R), or a direction to file a new proposal.",Director,Partial — approvals are posted; the request often is not,Limited,discret,Discretion — no published method,The Director decides whether a change is minor enough to approve without a new proposal. No public comment period is required for a minor alteration.,decide,Decision — binding outcome,4,Decision,6,2,candidate,"Added 8 Oct 2026 to record mineral-project histories (Wanipigow, Tanco, Minago, MacLellan). Legal basis to be confirmed by Eric.",
mb-appeal,Appeal to the Minister,mb,Manitoba,The Environment Act s.27 (appeal of a Director's decision to the Minister).,Written appeals from anyone affected by a licence decision.,"Appeal dismissed, or the licence varied or revoked.",Minister (cabinet in some cases),Partial,Limited,minjudge,Ministerial judgment on a record,Appeal goes to the minister whose department issued the licence. No independent tribunal.,decide,Decision — binding outcome,4,Decision,6,3,candidate,Added 8 Oct 2026 for the Tanco licence appeals. Legal basis to be confirmed by Eric.,
fed-ia,Federal environmental / impact assessment,fed,Federal,Canadian Environmental Assessment Act 2012 (projects begun before 28 Aug 2019) or the Impact Assessment Act; triggered by the Physical Activities / Project List regulations.,"Environmental impact statement, public and Indigenous comments, agency analysis.","Decision statement with binding conditions, or a finding of unjustified significant effects.",Minister of Environment and Climate Change (Governor in Council if effects are significant),Yes — Canadian Impact Assessment Registry,Yes — decision statement,signif,Significance threshold judgment,"Whether the project is likely to cause significant adverse environmental effects, after mitigation.",delib,"Deliberation — hearing, recommendation",3,Deliberation,4,12,candidate,"Added 8 Oct 2026 for the Lynn Lake gold project (decision statement March 2023). Distinct from fed-cer, which is the Energy Regulator route for the Kivalliq line.",
