site_id,name,lat,lon,coord_confidence,category,category_label,commodity,critical_mineral,operator_org_id,operator_raw,co_owners,nearest_community,status,description,regulatory_notes,source_ref
site-tanco-mine,Tanco Mine (Bernic Lake),50.43,-95.4465,S,mine,Mine,"Lithium, cesium, tantalum, rubidium",yes,org-sinomine-resource-group,Sinomine Resource Group,,Lac du Bonnet,Operating,Canada's only producing lithium mine and one of the world's largest cesium sources. Operating since 1969; Sinomine bought it in June 2019 for $135M and restarted spodumene production in late 2021. Throughput about 400 t/day.,"Original licence No. 973 dates from 1983. A cesium plant amendment was filed in 2022 and a 2023 Notice of Alteration allowed milling of ore from other properties. A new comprehensive licence replaced the 1983 one and excluded the proposal to partly drain Bernic Lake. Appeals against the new licence were dismissed by cabinet order — the Wilderness Committee objected not to the licence but to the appeal route, since the only recourse is to the same minister whose department issued it. In 2022 Ottawa ordered three other Chinese firms to divest Canadian lithium assets; Sinomine kept Tanco.",
site-falcon-west-cesium-project,Falcon West cesium project,49.78,-95.35,VA,expl,Exploration,Cesium,yes,org-grid-metals,"Grid Metals (85%) / Avenir Minerals, an Agnico Eagle subsidiary (15%)","Avenir Minerals, an Agnico Eagle subsidiary (15%)",Falcon Lake / Sagkeeng traditional territory,Pre-application,"Drilled October 2025 to March 2026. About 50,000 t of rock containing roughly 1,300 t of cesium — described by the company as the second-largest cesium deposit to be developed in the Western world, and roughly half of one year's global supply. Small enough that it might be mined out in a year. 130 km east of Winnipeg, 500 m north of the Trans-Canada.","An Environment Act licence filing is planned by the end of 2026. Consent from Sagkeeng First Nation has not been given and talks are ongoing; Chief E.J. Fontaine describes the relationship positively and two members have worked as technicians on the prospecting team, while saying environmental concerns and economic benefits still have to be worked out. Note the word used is consent, not consultation. Added from Winnipeg Free Press reporting — this entry did not appear in the underlying research and is the least checked here.",
site-tanco-open-pit-bernic,Tanco open pit / Bernic Lake drainage concept,50.43,-95.4465,A,mine,Mine,"Cesium, lithium, tantalum",yes,org-sinomine-resource-group,Sinomine,,Lac du Bonnet,"Concept, not licensed",A 2023 proposal to partly drain Bernic Lake for open-pit access.,Explicitly excluded from the replacement licence. Would almost certainly trigger federal permits.,
site-tanco-concentrator-and-cesium,Tanco concentrator and cesium plant expansion,50.432,-95.44,A,proc,Processing,Lithium and cesium concentrates; cesium nitrate and carbonate,yes,org-sinomine-resource-group,Sinomine,,Lac du Bonnet,Approved 2023; build status unconfirmed,"A CAD 176M, 1 Mtpa processing plant approved in February 2023.",Cesium plant expansion filed as an Environment Act Proposal amendment in 2022.,
site-shatford-lake-lithium,Shatford Lake lithium,50.4,-95.45,VA,expl,Exploration,"Lithium, cesium, tantalum",yes,org-acme-lithium,"ACME Lithium, optioned to Snow Lake",optioned to Snow Lake,Bernic Lake,Exploration,31 claims contiguous to the south of Tanco.,,
site-donner-lake-lithium,Donner Lake lithium,50.45,-95.55,VA,expl,Exploration,Lithium,yes,org-grid-metals,Grid Metals (75%) / Lithium Royalty Corp (25%),Lithium Royalty Corp (25%),Bird River,"Exploration, metallurgical testing",Spodumene ore test-milled at Tanco under a 2023 Notice of Alteration.,,
site-thompson-mine-complex,Thompson Mine Complex,55.71,-97.86,A,mine,Mine,"Nickel, copper, cobalt",yes,org-vale-base-metals,"Vale Base Metals, transferring to Exiro / Orion / Canada Growth Fund consortium (81.1%)",transferring to Exiro / Orion / Canada Growth Fund consortium (81.1%),Thompson,Operating,"Two underground mines and a mill on the 135 km Thompson Nickel Belt. In February 2026 Vale agreed to transfer majority ownership to a consortium including the federal Canada Growth Fund, with up to US$200M committed.","Operates under long-standing provincial licences; no Commission referral was found for the change of control. Vale's Q2 2026 statements still describe Thompson as held for sale, so closing is not confirmed. Nickel, copper and cobalt are all on Canada's critical minerals list.",
site-birchtree-mine,Birchtree Mine,55.69,-97.95,A,mine,Mine,Nickel,yes,org-vale-base-metals,Vale Base Metals,,Thompson,Care and maintenance (unverified),Underground mine southwest of Thompson.,,
site-pipe-lake-deposit,Pipe Lake deposit,55.4978,-98.1556,S,leg,Legacy site,Nickel,yes,org-vale-base-metals,Vale Base Metals (presumed),,Thompson,Closed,Historic Thompson Nickel Belt deposit.,,
site-thompson-smelter-and-refinery,Thompson smelter and refinery,55.72,-97.84,A,proc,Processing,Nickel,yes,org-vale-base-metals,Vale Base Metals,,Thompson,Closed,Former integrated smelter and refinery. Closure dates unverified.,,
site-minago-critical-minerals-project,Minago Critical Minerals Project,53.97,-98.97,A,mine,Mine,"Nickel, platinum group metals, magnesium, aggregate",yes,org-norway-house-cree-nation,Norway House Cree Nation (Minago Development GP),,Grand Rapids / Norway House,"Licensed, pre-construction","Wholly owned by Norway House Cree Nation since November 2024, bought from Flying Nickel for about $8M plus share surrender. Resource of roughly 690–722 Mlb nickel measured and indicated, plus palladium and platinum. The first phase quarries dolomite for low-emission magnesium before nickel — the community describes this as using the entire animal.","Environment Act Licence No. 2981 issued August 2011 to Victory Nickel for a 10,000 t/day open pit. Changes proposed in 2022 triggered consultation with Norway House, Misipawistik, Mosakahiken, Pimicikamak and the Manitoba Métis Federation. The amended licence was announced in March 2026. No Commission hearing was held. Manitoba committed $2M toward the magnesium phase at PDAC 2026. The site lies inside the Norway House Resource Management Area — the one RMA overlap verified in the research. Marketed by the community as removing the usual consultation hurdle through direct ownership.",
site-lalor-mine,Lalor Mine,54.87,-100.12,A,mine,Mine,"Gold, zinc, copper, silver",yes,org-hudbay-minerals,Hudbay Minerals,,Snow Lake,Operating,"Anchor of the Snow Lake operations. In September 2026 Hudbay extended reserve life to 2043, with reserves of 27 Mt containing 2.0 Moz gold and production averaging about 185,000 oz/yr.","No Commission history found. Zinc concentrate moves by rail to Churchill for export to Europe, 2026 being the third consecutive year.",
site-1901-deposit,1901 deposit,54.86,-100.1,VA,mine,Mine,"Gold, zinc, copper",yes,org-hudbay-minerals,Hudbay Minerals,,Snow Lake,In development,Satellite deposit adjacent to Lalor.,,
site-stall-concentrator,Stall Concentrator,54.9,-99.95,A,proc,Processing,Zinc and copper concentrate,yes,org-hudbay-minerals,Hudbay Minerals,,Snow Lake,Operating,Base-metal mill treating Lalor ore.,,
site-new-britannia-mill,New Britannia Mill,54.88,-100.02,A,proc,Processing,Gold,no,org-hudbay-minerals,Hudbay Minerals,,Snow Lake,Operating,"Gold mill, restarted 2021.",,
site-britannia-gold-project,Britannia gold project,54.885,-100.04,VA,expl,Exploration,Gold,no,org-hudbay-minerals,Hudbay Minerals,,Snow Lake,Advanced exploration,Past-producing gold mine named as a growth option in September 2026.,,
site-777-mine,777 Mine,54.77,-101.88,A,mine,Mine,"Copper, zinc, gold, silver",yes,org-hudbay-minerals,Hudbay Minerals,,Flin Flon,Closed June 2022,Hudbay's flagship Flin Flon mine. Closure ended production in the district.,Closure obligations updated for the mine site and tailings compound.,
site-flin-flon-metallurgical-complex,Flin Flon metallurgical complex,54.772,-101.86,A,proc,Processing,"Copper, zinc; tailings reprocessing",yes,org-hudbay-minerals,Hudbay Minerals,,Flin Flon,Care and maintenance,Concentrator on care and maintenance. Hudbay is studying flow-sheet changes to reprocess the tailings for critical minerals and precious metals.,Wildfires forced a regional evacuation in May 2025.,
site-thompson-brothers-lithium-deposit,Thompson Brothers lithium deposit,54.865,-99.7,A,expl,Exploration,Lithium,yes,org-snow-lake-resources,Snow Lake Resources (renamed; see notes),,Snow Lake / Wekusko Lake,Advanced exploration,Spodumene pegmatite on the Grass River linking Wekusko Lake with Crowduck Bay. Resource figures conflict badly across sources — roughly 8–11 Mt at about 1% Li₂O from company-linked sources; one trade site's 73.6 Mt figure is inconsistent with everything else and should not be used.,"No Environment Act filing found. The company has renamed repeatedly and pivoted toward uranium elsewhere, so the Manitoba lithium project appears deprioritised.",
site-grass-river-lithium-deposit,Grass River lithium deposit,54.87,-99.7,VA,expl,Exploration,Lithium,yes,org-snow-lake-resources,Snow Lake Resources,,Wekusko Lake,Exploration,Second deposit of the Snow Lake lithium project.,,
site-centreport-lithium-hydroxide-plant,CentrePort lithium hydroxide plant,49.95,-97.3,VA,proc,Processing,Lithium hydroxide,yes,org-snow-lake-resources,Snow Lake Resources / LG Energy Solution,LG Energy Solution,Winnipeg,"Concept, memorandum only",Proposed battery materials plant.,,
site-gordon-deposit,Gordon deposit (former Farley Lake mine),56.906,-100.441,S,mine,Mine,Gold,no,org-alamos-gold,Alamos Gold,,Lynn Lake,Under construction,"The higher-grade pit, to be mined first.",Federal assessment completed March 2023 with a positive decision statement. Separate provincial licence issued.,
site-maclellan-deposit-and-mill,MacLellan deposit and mill,56.9,-100.98,A,mine,Mine,"Gold, silver",no,org-alamos-gold,Alamos Gold,,Lynn Lake,Under construction,"9,000 t/day mill. About 186,000 oz/yr over a 25-year life, roughly 3 Moz total. Initial capital raised to $937M. First production expected in the first half of 2029, delayed from 2028 by the 2025 wildfire evacuation.","Environment Act Licence No. 3391, with a Notice of Alteration approved 26 March 2026. The only Manitoba mineral project in this catalogue to go through a full federal environmental assessment, completed March 2023. Benefit agreements are in place with both proximate First Nations: Marcel Colomb signed in June 2023, Mathias Colomb in 2025 while its judicial review of the federal decision statement was being resolved. No provincial Commission hearing.",
site-lynn-lake-legacy-mine,Lynn Lake legacy mine,56.85,-101.05,A,leg,Legacy site,"Nickel, copper",yes,org-province-of-manitoba,Province of Manitoba,,Lynn Lake,Remediation — provincial priority,Farley headframe and mill demolished; tailings cover options under review.,One of five priority orphaned and abandoned mine sites under a $50.7M five-year commitment.,
site-ruttan-mine,Ruttan Mine,56.475,-99.6369,S,leg,Legacy site,"Copper, zinc",yes,org-province-of-manitoba,Province of Manitoba,,Leaf Rapids,Remediation — provincial priority,More than 1.3 million cubic metres of clay placed over the tailings.,,
site-sherridon-camp-lake,Sherridon / Camp Lake,55.1351,-101.1033,S,leg,Legacy site,"Copper, zinc",yes,org-province-of-manitoba,Province of Manitoba,,Sherridon,Long-term monitoring,The Sherritt-Gordon mine operated 1931–51 and left about 7 Mt of acid-generating tailings over 47 hectares. Remediation began in 2009 and construction was declared complete in 2022.,"The province considers this finished; the Manitoba Métis Federation does not. It says many Red River Métis citizens still have concerns, and earlier reporting documented local distrust. Manitoba created a Sherridon Collaboration Table in March 2024. A good test case for whether a closed file is actually closed.",
site-eden-lake-carbonatite,Eden Lake carbonatite,56.68,-100.2,A,expl,Exploration,Rare earth elements,yes,,Unknown,,Leaf Rapids / Lynn Lake,Occurrence; no active project confirmed,Manitoba's best-documented rare earth carbonatite occurrence.,Note that the Mindat locality for this name is about 110 km off; the provincial coordinates were used.,
site-true-north-mine-and,True North Mine and Mill,51.03,-95.7,A,mine,Mine,Gold,no,org-1911-gold,1911 Gold,,Bissett,Restarting — first ore targeted December 2026,"Formerly San Gold, then Klondex. About 62,000 ha and a fully permitted 1,300 t/day mill. A March 2026 preliminary economic assessment outlines about 58,000 oz/yr over 11 years.",The restart uses existing permits; no new Environment Act filing was found. First Nation relationships are not documented in the sources consulted — a gap worth closing.,
site-central-mine,Central Mine (Bissett),51.035,-95.68,VA,leg,Legacy site,Gold,no,org-province-of-manitoba,Province of Manitoba,,Bissett,Remediation — provincial priority,"Historic gold mine, one of five priority legacy sites.",,
site-wanipigow-sand-quarry,Wanipigow sand quarry,51.17,-96.28,A,mine,Mine,Silica sand,no,org-canadian-premium-sand,Canadian Premium Sand,,Seymourville / Hollow Water First Nation,Licensed; quarry development for proppant,More than 41 contiguous quarry leases about 160 km north of Winnipeg. Inferred resource of 24.4 Mt of low-iron glass sand.,"Licence No. 3285 issued 16 May 2019. A Notice of Alteration reducing volume and footprint produced licence 3285 R, approved July 2023 by the department — no Commission hearing. Hollow Water's chief and council supported the project and signed a participation agreement; the Wilderness Committee says they waived Crown consultation. Some members opposed it through Camp Morningstar, citing sacred sites, and criticised the use of a minor alteration to make a substantial change. The cleanest contrast with Sio Silica anywhere in this catalogue.",
site-selkirk-glass-manufacturing-facility,Selkirk glass manufacturing facility,50.14,-96.88,A,proc,Processing,Solar and float glass,no,org-canadian-premium-sand,Canadian Premium Sand,,Selkirk,"Licensed; solar plans on hold, float-glass pivot","A 121-acre site on the CP subdivision using Selkirk's wastewater effluent. Up to $880M estimated. In September 2026 the company was promoting a 600 t/day float-glass plant instead, noting Canada has no domestic float-glass production.","Environment Act licence No. 3401 was issued on 3 May 2023, the day after a registry letter (2 May 2023) said a Clean Environment Commission hearing was not recommended, so there was no Commission referral. An earlier version of this note gave 14 February 2024 as the approval date; that is not the licence date. The environment minister went on record in February 2024 explaining how this project differed from Sio Silica, which was refused on 16 February 2024. Technical reviewers had questioned the company's lack of glass-making experience and whether Wanipigow sand could reach solar purity.",
site-simba-sand-extraction,SiMbA sand extraction (formerly Vivian / CanWhite),49.86,-96.53,A,mine,Mine,High-purity silica sand,no,org-sio-silica-corporation,Sio Silica Corporation,,"Vivian, RM of Springfield",Permitting — re-filed October 2025,"Airlift extraction of silica from the Winnipeg Sandstone aquifer, piped as slurry to a separately licensed plant. The original plan was 1.36 Mt/yr over 24 years from more than a thousand wells, up to 7,200 over time. The aquifer supplies drinking water to about 100,000 people.","The only mineral project in the Commission's record. Referred in November 2021 for significant public interest. Twelve hearing days, 27 February to 15 March 2023, in Steinbach, Anola and Beausejour. The June 2023 report made eight recommendations and said the Commission could not state with confidence that the effects were understood — it declined to recommend either way. A draft licence was circulated in September 2023. On 16 February 2024 the minister refused it, saying the risk was simply too great; the company called the decision political. Springfield council voted against twice and was overruled by the Municipal Board; a phone-in referendum ran about 95% against. The Métis Federation intervened. Participants received no funding. Re-filed as SiMbA in October 2025 covering years 0–4 only, with an equity offer to Brokenhead Ojibway Nation reportedly worth more than $10M a year — a First Nation the company had not consulted the first time round. No decision found.",
site-vivian-sand-processing-facility,Vivian Sand processing facility,49.855,-96.51,A,proc,Processing,Silica sand,no,org-sio-silica-corporation,Sio Silica Corporation,,Vivian,Licensed separately,Processing plant fed by the slurry line.,"Environment Act licence No. 3367 was issued to CanWhite Sands Corp. on 16 December 2021, separately from the extraction project. That split let one half proceed while the other was contested. No Commission referral was found for the processing plant (not confirmed).",
site-gods-lake-mine,Gods Lake Mine,54.66,-94.15,VA,leg,Legacy site,Gold,no,org-province-of-manitoba,Province of Manitoba,,Gods Lake Narrows,Remediation — provincial priority,Remote fly-in legacy site.,,
site-snow-lake-historic-workings,Snow Lake historic workings,54.88,-100.03,VA,leg,Legacy site,Gold,no,org-province-of-manitoba,Province of Manitoba,,Snow Lake,Remediation — provincial priority,Historic tailings.,,
site-baker-patton,Baker Patton,54.75,-101.65,VA,leg,Legacy site,"Copper, zinc",yes,org-province-of-manitoba,Province of Manitoba,,Flin Flon area,Remediation — high priority,Listed as a high-priority orphaned site.,,
site-keewatinohk-converter-station,Keewatinohk Converter Station,56.62,-93.9,A,infra,Infrastructure,HVDC electricity,no,org-manitoba-hydro,Manitoba Hydro,,Gillam,Operating,Northern terminal of Bipole III and the proposed tie-in point for the Kivalliq line.,,
site-riel-converter-station,Riel Converter Station,49.84,-96.95,VA,infra,Infrastructure,Electricity,no,org-manitoba-hydro,Manitoba Hydro,,Winnipeg,Operating,Southern terminal of Bipole III.,,
site-kelsey-generating-station,Kelsey Generating Station,56.04,-96.53,A,infra,Infrastructure,Hydroelectricity,no,org-manitoba-hydro,Manitoba Hydro,,Split Lake / Thompson,Operating,Built to power the Thompson nickel operations.,"Probably within the Split Lake Resource Management Area — inferred, not verified.",
site-kettle-generating-station,Kettle Generating Station,56.38,-94.63,A,infra,Infrastructure,Hydroelectricity,no,org-manitoba-hydro,Manitoba Hydro,,Gillam,Operating,Lower Nelson station.,,
site-long-spruce-generating-station,Long Spruce Generating Station,56.4,-94.37,A,infra,Infrastructure,Hydroelectricity,no,org-manitoba-hydro,Manitoba Hydro,,Gillam,Operating,Lower Nelson station.,,
site-limestone-generating-station,Limestone Generating Station,56.51,-94.11,A,infra,Infrastructure,Hydroelectricity,no,org-manitoba-hydro,Manitoba Hydro,,Gillam,Operating,Largest Lower Nelson station.,,
site-keeyask-generating-station,Keeyask Generating Station,56.35,-95.2,A,infra,Infrastructure,Hydroelectricity,no,org-keeyask-hydropower-limited-partnership,Keeyask Hydropower Limited Partnership — Manitoba Hydro with four Cree Nations,,Gillam / Split Lake,Operating,"Partnership with Tataskweyak, War Lake, York Factory and Fox Lake Cree Nations.","Commission hearings from October 2013 into January 2014, mostly at the Fort Garry Hotel in Winnipeg, with a report in April 2014.",
site-jenpeg-generating-station,Jenpeg Generating Station,54.52,-98.03,A,infra,Infrastructure,Hydroelectricity; Lake Winnipeg regulation,no,org-manitoba-hydro,Manitoba Hydro,,Cross Lake,Operating,Controls Lake Winnipeg outflow.,Probably within the Cross Lake Resource Management Area — inferred.,
site-port-of-churchill,Port of Churchill,58.78,-94.2,A,infra,Infrastructure,"Port — concentrate, potash, grain",no,org-arctic-gateway-group,Arctic Gateway Group,,Churchill,Operating,"The only Arctic deepwater port connected to the North American rail network. Owned by a partnership of 41 Indigenous and Bayside communities, including 29 First Nations. 2026 traffic includes Snow Lake zinc concentrate for a third year, Saskatchewan concentrate, potash and the first grain since 2020.","Port of Churchill Plus was referred to the federal Major Projects Office on 11 September 2025 — rail upgrade, icebreaking, an all-weather road and a new energy corridor. Still pre-development. $175M of federal funding over five years announced March 2025.",
site-port-nelson-corridor-concept,Port Nelson corridor concept,57.08,-92.6,VA,infra,Infrastructure,Proposed port and corridor,no,,Unverified,,Mouth of the Nelson River,Unverified,Could not be confirmed as an active proposal. Treat as a lead only.,,
site-amaranth-gypsum,Amaranth gypsum,50.6,-98.7,VA,mine,Mine,Gypsum,no,,Unverified,,Amaranth,Unverified,"Candidate entry, not verified.",,
site-gypsumville-quarry,Gypsumville quarry,51.76,-98.62,VA,mine,Mine,Gypsum,no,,Unverified,,Gypsumville,Unverified,"Candidate entry, not verified.",,
site-black-island-silica,Black Island silica,51.2,-96.5,VA,leg,Legacy site,Silica sand,no,,Unverified,,Lake Winnipeg,Unverified,Historic glass-sand source. Not verified.,,
site-russell-gambler-potash,Russell / Gambler potash,50.78,-101.29,VA,expl,Exploration,Potash,yes,,Unverified,,Russell,Unverified,"Candidate entry, not verified.",,
