source_id,short_name,full_ref,url,tier,retrieved
src-reg-6057,MB Registry 6057 CanWhite,"Manitoba Environment Act Public Registry file 6057.00, CanWhite Sands sand processing facility",https://www.gov.mb.ca/sd/eal/registries/6057canwhite/index.html,,2026-10-08
src-lic-3367,Licence 3367,"Environment Act Licence No. 3367, CanWhite Sands Corp., issued 2021-12-16",https://www.gov.mb.ca/sd/eal/registries/6057canwhite/3367.pdf,,2026-10-08
src-reg-6119,MB Registry 6119 Sio Silica,"Manitoba Environment Act Public Registry file 6119.00, Silica Sand Extraction Project, Sio Silica Corporation",https://www.gov.mb.ca/sd/eal/registries/6119/index.html,,2026-10-08
src-cec-silica,CEC Silica Sand hearing,"Manitoba Clean Environment Commission, Silica Sand Extraction Project hearing page",https://www.cecmanitoba.ca/hearings/silica-sand-extraction-project/index.html,,2026-10-08
src-reg-6275,MB Registry 6275 SiMbA,"Manitoba Environment Act Public Registry file 6275.00, Sio Silica SiMbA Sand Extraction Project",https://www.gov.mb.ca/sd/eal/registries/6275/index.html,,2026-10-08
src-reg-5991,MB Registry 5991 Wanipigow,"Manitoba Environment Act Public Registry file 5991.00, Canadian Premium Sand Wanipigow Sand Project",https://www.gov.mb.ca/sd/eal/registries/5991wanipigow/index.html,,2026-10-08
src-reg-6137,MB Registry 6137 Selkirk,"Manitoba Environment Act Public Registry file 6137.00, Selkirk Solar Glass Manufacturing Facility, Canadian Premium Sand Inc.",https://www.manitoba.ca/sd/eal/registries/6137/index.html,,2026-10-08
src-lic-3401,Licence 3401,"Environment Act Licence No. 3401, Canadian Premium Sand Inc., issued 2023-05-03",https://www.manitoba.ca/sd/eal/registries/6137/3401.pdf,,2026-10-08
src-reg-5463-1,MB Registry 5463.10 Minago,"Manitoba Environment Act Public Registry file 5463.10, Minago project",https://www.gov.mb.ca/sd/eal/registries/5463.1minago/index.html,,2026-10-08
src-lic-2981r,Licence 2981 R,"Environment Act Licence No. 2981 R, Minago, revised 2026-03-04",https://www.gov.mb.ca/sd/eal/registries/5463.1minago/2981r.pdf,,2026-10-08
src-cmj-minago,CMJ Minago 2026,"Canadian Mining Journal, Manitoba backs First Nation-owned critical minerals project with amended licence, 2026-03-11",https://www.canadianminingjournal.com/news/manitoba-backs-first-nation%e2%80%91owned-critical-minerals-project-with-amended-licence/,,2026-10-08
src-reg-6073,MB Registry 6073 MacLellan,"Manitoba Environment Act Public Registry file 6073.00, Alamos Gold MacLellan Mine",https://www.gov.mb.ca/sd/eal/registries/6073alamosgold/index.html,,2026-10-08
src-reg-6074,MB Registry 6074 Gordon,"Manitoba Environment Act Public Registry file 6074.00, Alamos Gold Gordon Mine",https://gov.mb.ca/sd/eal/registries/6074alamosgold/index.html,,2026-10-08
src-iaac-lynnlake,IAAC Lynn Lake 2023,"Impact Assessment Agency of Canada news release, Lynn Lake Gold Project decision statement, 2023-03-06",https://iaac-aeic.gc.ca/050/evaluations/document/146836,,2026-10-08
src-alamos-2023,Alamos Lynn Lake 2023,"Alamos Gold, Significant Permitting Milestones at Lynn Lake Gold Project, 2023-03-06",https://alamosgold.com/news-and-events/news/news-details/2023/Alamos-Gold-Announces-Significant-Permitting-Milestones-at-Lynn-Lake-Gold-Project/default.aspx,,2026-10-08
src-reg-1906-2,MB Registry 1906.2 Tanco,"Manitoba Environment Act Public Registry file 1906.2, Tanco notices of alteration",https://www.gov.mb.ca/sd/eal/registries/1906.2tanco/index.html,,2026-10-08
src-oic-169-2025,OIC 169/2025 Tanco,"Manitoba Order in Council 169/2025, 2025-07-16, dismissing appeals of Environment Act Licence 973 R",https://oic.gov.mb.ca/OICDocs/2025/07/Environment%20and%20Climate%20Change.250716.Environment%20Act.1692025.pdf,,2026-10-08
src-reg-2435-40,MB Registry 2435.40 True North,"Manitoba Environment Act Public Registry file 2435.40, True North / San Gold / 1911 Gold",https://gov.mb.ca/sd/eal/registries/2435-40sangold/index.html,,2026-10-08
src-lic-2628rrr,Licence 2628 RRR,"Environment Act Licence No. 2628 RRR, True North Gold Mine, Klondex Canada Limited",https://www.gov.mb.ca/sd/eal/registries/2435-40sangold/licence2628rrr.pdf,,2026-10-08
src-reg-5550,MB Registry 5550 Keeyask,"Manitoba Environment Act Public Registry file 5550, Keeyask Generation Project",https://gov.mb.ca/sd/eal/registries/5550keeyask/index.html,,2026-10-08
src-lic-3107,Licence 3107,"Environment Act Licence No. 3107, Keeyask Hydropower Limited Partnership, issued 2014-07-02",https://gov.mb.ca/sd/eal/registries/5550keeyask/licence3107.pdf,,2026-10-08
src-cec-keeyask,CEC Keeyask hearing,"Manitoba Clean Environment Commission, Keeyask Generation Project hearing page",https://www.cecmanitoba.ca/hearings/keeyask-generation-project/index.html,,2026-10-08
src-cbc-keeyask,CBC Keeyask CEC 2014,"CBC News, Keeyask CEC recommendation, May 2014",https://www.cbc.ca/1.2635054,,2026-10-08
src-ceaa-keeyask,CEAA Keeyask 2014,"Canadian Environmental Assessment Agency, Keeyask Generation Project environmental assessment decision, 2014-06-27",https://www.canada.ca/en/news/archive/2014/06/keeyask-generation-project-environmental-assessment-decision.html,,2026-10-08
src-reg-557-10,MB Registry 557.10 Vale,"Manitoba Environment Act Public Registry file 557.10, Vale Canada Limited Manitoba Operations",https://gov.mb.ca/sd/eal/registries/557.1/index.html,,2026-10-08
